<?xml version='1.0' ?>
<BuildGraph xmlns="http://www.epicgames.com/BuildGraph" xmlns:xsi="http://www.w3.org/2001/XMLSchema-instance" xsi:schemaLocation="http://www.epicgames.com/BuildGraph ../../../../../Engine/Build/Graph/Schema.xsd" >

	<Option Name="PublishZipDir_Win" DefaultValue="$(RootDir)/LocalBuilds/Engine/WindowsZips" Description="The output directory for published zip artifacts on Windows"/>
	<Option Name="MayaVersion" Restrict="2019|2020|2022|2023" DefaultValue="2022" Description="Select the maya version"/>
	<Option Name="MayaPlatform" Restrict="Win64|Linux" DefaultValue="Win64" Description="Select the platform"/>

	<Agent Name="MayaUnrealLiveLinkPlugin" Type="Win64">
	
	
		<Property Name="LocalSourceDir" Value="$(RootDir)\Engine\Restricted\NotForLicensees\Source\Programs\MayaUnrealLiveLinkPlugin"/>
		<Property Name="LocalStagingDir" Value="$(LocalSourceDir)\Staging"/>
		<Property Name="LocalBinaryDir" Value="$(RootDir)\Engine\Restricted\NotForLicensees\Binaries\$(MayaPlatform)\Maya"/>
		<Property Name="LocalExtraDir" Value="$(RootDir)\Engine\Restricted\NotForLicensees\Extras\MayaUnrealLiveLinkPlugin"/>

		<Node Name="Compile UnrealHeaderTool Maya">
			<Compile Target="UnrealHeaderTool" Platform="$(MayaPlatform)" Configuration="Development" Arguments="-precompile -nodebuginfo"/>
		</Node>

		<Node Name="Compile Maya $(MayaVersion)" Requires="Compile UnrealHeaderTool Maya">
			<Compile Target="MayaUnrealLiveLinkPlugin$(MayaVersion)" Platform="$(MayaPlatform)" Configuration="Development" Arguments="-noxge"/>
		</Node>

		<Node Name="Stage Maya Plugin Module" Requires="Compile Maya $(MayaVersion)">
			<Copy From="$(LocalSourceDir)\MayaUnrealLiveLinkPlugin.mod" To="$(LocalStagingDir)\MayaUnrealLiveLinkPlugin\Binaries\MayaUnrealLiveLinkPlugin.mod" />

			<Tag BaseDir="$(LocalSourceDir)" Files="*.cpp;*.py;*.cs" With="#SourceFiles" />
			<Copy Files="#SourceFiles" From="$(LocalSourceDir)" To="$(LocalStagingDir)\MayaUnrealLiveLinkPlugin\Source" />

			<Tag Files="$(LocalStagingDir)\MayaUnrealLiveLinkPlugin\Source\..." Filter="*.cpp;*.py;*.cs" With="#SourceFilesCopy" />
			<Delete Files="#SourceFilesCopy" />
		</Node>

	</Agent>
</BuildGraph>
